Approx,Chronicle,Site,SubCatch,MSE Test,R2 Test,P Real,P pred,Category,Slope,Elevation,LC,SAR,Area,CV,HV,clusters
0,0,1,1,0.005839328082991999,0.24630346438178402,90,182,D,1.20389807224274,8.93668937683106,319.676414112622,1.00025355815887,1648125,167,211,0
0,0,1,3,0.030917241650723,0.142402135048629,100,182,D,3.1463336944580096,46.627326965332,666.589391704477,1.00075697898865,6120000,0,126,1
0,0,1,4,0.005626795962151,0.07094418865394501,90,182,D,0.827363789081574,7.6747841835022,693.148994505108,1.00016701221466,2480625,393,163,0
0,0,1,5,0.768421716825875,-41.9014440176907,100,50,P,1.7901463508606001,18.9498500823975,930.1089026907761,1.0003254413604699,4173750,164,253,0
0,0,1,6,0.035940358411128,0.07552270644062,100,365,D,2.7827394008636497,59.8542976379395,651.5724222637571,1.00069582462311,3729375,0,67,0
0,0,1,7,0.035375116439191,0.10000562930326401,50,182,D,2.8467602729797403,42.8537483215332,443.95210428267,1.00084936618805,5771250,114,259,1
0,0,1,8,0.00599294869357,0.196105879847503,90,730,D,2.60317087173462,20.961894989013697,597.8946730002559,1.0007292032241801,4545000,277,253,0
0,0,1,9,0.035728283424676,-0.06273823741983901,90,730,D,2.88415479660034,18.8562164306641,784.044799150562,1.00134110450745,6823125,604,303,1
0,0,1,10,0.003147800348822,-0.45521181239605396,365,3652,D,3.87057733535767,45.179256439209006,913.961747153883,1.00147819519043,1288125,0,6,0
0,0,1,11,0.025971946998847997,0.019194777164873,100,330,D,4.142512798309331,50.3615570068359,679.097660372812,1.00201320648193,5608125,0,30,1
0,0,1,12,0.006554462918294001,-0.44158021774049605,330,200,P,3.24198794364929,54.781005859375,631.1641672104149,1.0011130571365399,3256875,0,44,0
0,0,1,13,0.038210661371978996,0.310850335390541,90,150,D,3.14226174354553,71.66827392578129,694.616489221723,1.00114297866821,5833125,0,74,1
0,0,1,14,0.004605558607436,-0.27327711990368897,125,182,D,1.28690373897553,5.821711540222171,338.830697382142,1.00061166286469,1873125,246,202,0
0,0,2,2,0.9554660775379509,-1.2154144384683,21,182,D,2.36130428314209,16.774969100952102,855.355613547343,1.00091433525085,4539375,275,188,0
0,0,2,3,0.12625263197470502,-1.41187494761955,45,3652,D,2.44796347618103,27.656326293945302,672.3238902088269,1.00101029872894,2250000,97,112,0
0,0,2,4,0.00036040374092900004,-3.1621306752283798,3652,3652,G,1.44525647163391,0.6265078783035279,269.89366442697,1.00061619281769,708750,101,82,0
0,0,3,2,0.01213125617907,-26338.648749074302,1,100,D,1.47921144962311,17.2573852539063,651.1561931283641,1.00031006336212,6238125,151,373,1
0,0,3,3,0.008009813443922,-32325.1688845728,1,182,D,1.41093766689301,7.92944431304932,416.034317776397,1.00053691864014,1822500,238,161,0
0,0,3,4,0.009637342910755,-34161.826528006,1,100,D,1.03858029842377,12.2273502349854,732.753984728539,1.00019884109497,3099375,260,204,0
0,0,5,1,0.153719521906383,-0.043921031444684996,60,125,D,2.2449185848236097,48.3275833129883,803.119759055763,1.00040435791016,3650625,0,163,0
0,0,5,3,0.0009633078710560002,-4.832140142854951,3652,3652,G,2.09388875961304,35.3260269165039,560.36734243899,1.00048089027405,2053125,0,81,0
0,0,5,4,0.011696136873610001,-3.32546286958868,150,125,P,4.36158037185669,43.9829216003418,817.560285693785,1.00162959098816,4471875,35,54,0
0,0,5,5,0.000634297818714,0.004692069679529,3652,3652,G,3.46042084693909,38.000907897949205,698.698500194463,1.00125646591187,2469375,0,44,0
0,0,5,6,0.008790033660718,-13.7628904506458,3652,150,P,3.2344579696655296,40.210273742675795,682.192969954975,1.0011160373687702,3858750,0,111,0
0,0,5,7,0.067971677423922,-13.9492913569786,125,75,P,5.36802339553833,21.485008239746104,454.758590460092,1.0041865110397301,3076875,102,132,0
0,0,5,8,0.000697826612128,-0.703387224914461,3652,3652,G,3.8913471698761,17.3180332183838,202.461943719236,1.00149071216583,343125,1,17,0
0,0,5,10,0.004353958734719,0.39365373213119104,125,150,D,4.13551473617554,36.1532974243164,619.4416058103631,1.0016554594039901,4590000,2,144,0
0,0,5,12,0.00925966562352,-3.20558851788221,640,100,P,2.3319764137268097,41.9540557861328,637.739972837863,1.00080704689026,4505625,0,304,0
0,0,5,13,0.009575804436850001,-0.030903612399987998,150,640,D,2.30026316642761,46.2698173522949,526.219944868736,1.00077390670776,6131250,0,424,1
0,0,5,14,0.004077930061571,-1.9965489849073401,3652,182,P,3.99447655677795,26.890928268432603,580.9877618917591,1.00205075740814,6361875,177,265,1
0,0,5,15,0.002646812301079,-0.29989356763621805,250,330,D,4.0110802650451705,32.823947906494105,493.048798504896,1.00171291828156,5557500,129,170,1
0,0,5,16,0.07768268005451201,-0.10051851173683198,75,150,D,1.95110070705414,52.895450592040994,554.422513063192,1.0004096031189,5073750,0,323,1
0,0,5,17,0.01141643820353,-15.528795980636499,3652,125,P,2.83663654327393,8.70133876800537,497.63037669130796,1.00102734565735,1681875,118,96,0
0,0,6,4,0.004948655530597999,0.449172304576088,125,60,P,6.3272609710693395,54.6147575378418,608.648636336964,1.00323450565338,1867500,0,17,0
0,0,6,5,0.026239879960607997,-0.101936982110391,60,150,D,8.32818126678467,51.226222991943395,456.905210402632,1.0062766075134302,4612500,0,30,0
0,0,6,6,0.09206231589288698,-1.09140824274957,90,3652,D,3.59143114089966,37.3797454833984,559.2566104228611,1.00103735923767,3583125,0,90,0
0,0,6,7,0.0017490342281929997,0.32357490225864,200,3652,D,4.11287212371826,36.706138610839794,494.36951876102205,1.0014271736145,2840625,0,26,0
0,0,6,8,0.016469547330735,-1.2346884943487701,125,3652,D,3.8989663124084504,29.6289138793945,520.5259079281681,1.0012607574462902,3054375,8,100,0
0,0,6,9,0.003407576783391,-0.14660162838029503,125,3652,D,3.91911911964417,22.765686035156303,698.259501970489,1.0024949312210099,4786875,174,191,1
0,0,6,12,0.002565545479913,0.20991105005704702,200,100,P,2.5625553131103502,21.7489185333252,568.8563966176561,1.00061428546906,8325000,296,418,1
0,0,6,13,0.004729170683397001,0.020097732678118,125,75,P,5.30260896682739,43.0469627380371,671.887596893318,1.0040534734725999,4905000,200,207,1
0,0,6,14,0.008624894935931,-1.72900578009567,125,3652,D,1.6511029005050701,10.0203142166138,543.043337454297,1.00049102306366,1788750,223,171,0
0,0,7,3,0.00497735772192,-0.347141978608271,150,330,D,4.3795447349548295,43.162410736084006,655.777804760234,1.0021685361862198,3031875,0,13,0
0,0,7,5,0.050354724507752,-1.5005746997506397,100,3652,D,3.7717316150665297,80.6386642456055,412.514060966666,1.0013496875762902,3026250,0,77,0
0,0,7,6,0.021045707527878002,-0.786633843547685,125,3652,D,3.5504310131073,83.2957000732422,498.918446143291,1.0011665821075402,3403125,0,51,0
0,0,7,7,0.06083412553796,-1.51501826526824,60,3652,D,4.74364471435547,68.2827072143555,584.975230386619,1.00310254096985,4618125,0,41,0
0,0,7,8,0.0025851524672950003,-1.75338278091077,3652,3652,G,3.91771101951599,58.4214019775391,709.4157732976711,1.00196993350983,1445625,0,19,0
0,0,7,9,0.965464457660283,-0.8785209535644279,30,365,D,3.1779348850250204,99.78884887695308,621.463789943796,1.00087249279022,3330000,0,75,0
0,0,7,10,0.005559424650503,0.191720053616689,125,75,P,5.20326280593872,30.0442276000977,524.557317855688,1.00293982028961,2368125,43,59,0
0,0,8,1,0.181194431717714,-20.165173032540604,150,50,P,2.320796251297,37.286079406738295,951.801919863141,1.00072586536407,3301875,1,196,0
0,0,8,2,0.000183803570266,0.7465778655034241,3652,3652,G,3.06253290176392,35.3819007873535,694.9514364142971,1.00128841400146,2424375,0,136,0
0,0,8,3,0.004786014750861,0.09120055754687299,125,730,D,3.30219411849976,44.901039123535206,633.85467537457,1.00113236904144,1569375,0,96,0
0,0,8,4,0.038153706508179,-0.685530742332163,75,3652,D,2.4020934104919403,34.424617767334,622.039774937202,1.00085401535034,4432500,0,283,0
0,0,8,5,0.003916789999519,0.479754923990742,150,365,D,2.4814245700836204,39.0761833190918,670.968213634448,1.0008841753006,3420000,0,189,0
0,0,8,6,0.109724767787895,-1.4839062310752902,75,60,P,2.4750545024871804,50.6760177612305,857.5437777096629,1.00054049491882,4550625,0,100,0
0,0,9,2,0.064110216973887,-0.13571896504067898,1,1,G,2.03085613250732,49.379676818847706,698.032984415276,1.0005023479461699,3847500,0,224,0
0,0,9,3,0.027529213642077003,-68.1505618933074,3652,90,P,2.4050977230072,40.617301940918004,592.200528441849,1.0005304813384999,7346250,0,333,1
0,0,9,5,0.008955238945672999,-21.4510891612782,3652,182,P,2.6917076110839804,41.7363052368164,681.584342362802,1.0006493330001802,4848750,0,104,1
0,0,9,6,0.017507924051546,-3.4572781478003902,90,90,G,2.00113344192505,58.8556442260742,689.932851087502,1.00104176998138,4235625,0,291,0
0,0,9,7,0.012362338264084,-14.9149588499215,3652,90,P,1.9607911109924299,49.87580871582029,894.715995883873,1.0003445148468002,1046250,0,21,0
0,0,9,9,0.030627339463803,-20.693923792111896,90,90,G,2.57102108001709,51.399044036865206,620.627464734832,1.0007346868515,3543750,0,132,0
0,0,9,10,0.000186494009922,-1.71771104857314,3652,3652,G,3.1821486949920694,46.5722885131836,801.5917560798069,1.00103724002838,1400625,0,24,0
0,0,9,11,0.0008396312399810001,-0.43916944304869004,3652,3652,G,3.01665830612183,51.932746887207,705.340054246259,1.00106358528137,1923750,0,12,0
0,0,9,13,0.022327747671722003,-22.8894921537039,3652,90,P,2.96820282936096,61.2000961303711,622.203077161201,1.0009622573852501,11666250,0,313,1
0,0,9,14,0.009910484336129,-13.6998347263815,3652,182,P,2.75123023986816,58.071739196777294,588.718790792399,1.00119376182556,2587500,0,76,0
0,0,9,15,0.710365287403105,-0.50628855503051,1,1,G,1.74026143550873,67.98293304443361,871.028948003672,1.00032913684845,1878750,0,93,0
0,0,9,16,0.15726869686617098,-105.893580919912,90,30,P,3.1198818683624303,68.0349197387695,853.5412673170661,1.00364637374878,3206250,0,117,0
0,0,9,19,0.016313281601519,-23.547644148759304,3652,90,P,2.27676033973694,54.2204170227051,465.79647115443197,1.00044298171997,2424375,0,206,0
0,0,9,20,0.029953515842442997,-68.7243587906755,3652,90,P,2.7181982994079603,59.4034652709961,668.318063439479,1.00054776668549,2272500,0,115,0
0,0,9,22,0.005041833539248,-11.8862470496614,3652,182,P,2.5111663341522203,68.853385925293,590.162394258217,1.00047767162323,3740625,0,113,0
0,0,9,23,0.18552692548352398,-132.905929077366,90,90,G,2.03953218460083,60.6980972290039,755.520974021044,1.00035738945007,4421250,0,248,0
0,0,9,25,0.5749966040606961,-2897.91631680609,3652,30,P,2.33468294143677,75.2690963745117,1039.63169948338,1.00044739246368,3003750,0,72,0
0,0,9,26,0.057287144738522006,-81.068355239187,3652,90,P,3.06368923187256,77.5325927734375,881.0625936871401,1.0006891489028902,3796875,0,127,0
0,0,9,27,0.024472856372505004,-44.183711603893606,3652,90,P,3.5256869792938197,73.70208740234379,515.670079358554,1.0011214017868,2160000,0,75,0
0,0,9,30,0.008487835789447,-7.619844516436809,90,182,D,3.59601855278015,29.843673706054698,472.918327207631,1.00215351581573,5040000,0,332,1
0,0,11,2,0.009355519290773,0.383432270109383,150,125,P,2.77414178848267,46.2518539428711,874.768691379808,1.00069224834442,3937500,0,161,0
0,0,11,3,0.000754292990196,0.466192046106591,1500,3652,D,2.12103772163391,28.5625915527344,625.779489442309,1.0003978013992298,4297500,3,194,0
0,0,11,5,0.000353638261328,0.560020238024666,3652,730,P,2.12122654914856,24.357397079467802,577.2281933570671,1.00049877166748,2227500,11,136,0
0,0,11,6,0.012773625549892,0.027502780567201,75,100,D,1.2701886892318701,16.3063831329346,761.838909181902,1.00015377998352,1991250,54,121,0
0,0,11,9,0.00041736391451,0.816851219452475,330,182,P,2.0957977771759,22.499414443969698,800.5333386611779,1.00083005428314,3268125,1,108,0
0,0,11,10,0.007509552519781,-0.24798129284660198,125,3652,D,1.17260205745697,8.39449977874756,479.24708370836,1.00023436546326,1012500,120,95,0
0,0,16,1,0.020653764099013,0.0010937740890510001,60,200,D,7.46797180175781,78.2775115966797,604.579029763226,1.00578558444977,7554375,0,72,1
0,0,16,4,0.127809917349727,-0.603359496027662,60,330,D,4.469892024993901,107.58877563476601,841.5099025792149,1.0021113157272301,4860000,0,49,1
0,0,16,5,0.227445685285566,-0.7221262455851399,50,3652,D,6.0339879989624,100.42716217041,472.2763344695901,1.0030659437179599,1822500,0,7,0
0,0,16,6,0.076993044590526,-0.779303211521468,75,3652,D,5.9045705795288095,97.0667724609375,661.753875580568,1.0034713745117199,1693125,0,16,0
0,0,16,7,0.0013710485043350001,-0.540910015726805,3652,365,P,3.6457819938659703,29.428663253784197,747.3367879284759,1.00194835662842,3622500,89,196,0
0,0,16,8,0.007373408578447,-0.9372712877065699,100,330,D,7.394503593444821,70.3085098266602,798.2590301766741,1.0045467615127601,2908125,0,24,0
0,0,16,9,0.346749323727763,-55.4164005556799,125,30,P,2.28686094284058,14.225922584533699,957.269509855868,1.00126802921295,2621250,287,137,0
0,0,16,10,3.38938173319759,-1.30505700866832,15,3652,D,5.6945104598999,90.55169677734371,591.6222630070951,1.00415217876434,3144375,0,17,0
0,0,16,11,0.007900535115484998,-0.385179928639185,90,330,D,7.4148678779602095,75.0417861938477,512.2064273900489,1.0048576593399001,3903750,0,31,0
0,0,16,12,0.5673263165835121,-78.2593409144132,100,30,P,4.45700454711914,23.727186203002898,977.663699164984,1.0047299861908001,2458125,275,107,0
0,0,16,13,0.067184885174339,-0.31578618417407206,100,3000,D,6.341687202453611,73.2968063354492,492.39226646854,1.0033278465270998,3341250,0,15,0
0,0,16,14,0.002702399227211,0.298759535115197,100,2000,D,5.945264339447019,56.850257873535206,366.58771261651395,1.00300192832947,1085625,0,17,0
0,0,16,17,0.0039260152710970005,-0.13152927502485,150,90,P,2.22877597808838,9.86397171020508,686.376183658132,1.0013569593429599,1940625,285,164,0
0,0,16,18,0.0019366212505890002,-1.74010754793239,3652,330,P,4.95220613479614,71.35400390625,710.7456041678239,1.00251841545105,3020625,0,22,0
0,0,16,19,0.012095807966444,0.5122200888156511,90,125,D,5.221967220306401,69.3990020751953,783.9074154479449,1.0028860569000202,4663125,84,89,0
0,0,16,20,0.005217961368837,0.07613837916835,125,3652,D,5.1035418510437,70.1981582641602,547.5011483758831,1.00233697891235,1828125,0,13,0
0,0,16,24,0.37667876464513506,-2308422.27420202,3652,30,P,0.49518483877182,-1.2911765575408898,240.043687838371,1.0000312328338599,382500,68,67,0
0,0,19,2,0.064798292840284,-1.3948642165059297,30,182,D,1.2602037191391002,6.41334772109985,776.387057887321,1.0002951622009302,2655000,353,165,0
0,0,20,1,0.005634149995248,-5389.14668948356,3652,365,P,2.2965648174285898,25.0483741760254,530.146095309769,1.0007865428924598,3695625,66,222,0
0,0,20,2,0.011888744604921,-37074.1675164308,3652,182,P,2.91393375396729,15.108994483947802,777.3268802049071,1.00116586685181,2238750,175,137,0
0,0,20,3,0.005586067266044001,-18451.4382569625,3652,365,P,2.93907928466797,22.055442810058604,646.275661671393,1.00097239017487,3864375,137,146,0
0,0,20,5,0.12838496911677902,-133541.143519631,3652,100,P,2.73949360847473,29.290603637695302,855.8642358195219,1.00075328350067,1400625,12,17,0
0,0,20,6,0.012881480455524,-87278.5235711211,3652,200,P,3.41718602180481,28.493507385253896,464.864382385784,1.00133752822876,3352500,23,107,0
0,0,20,7,0.011339583736271001,-90488.0277687974,3652,300,P,3.6683573722839395,30.392469406127898,523.640967953503,1.00132083892822,3622500,0,72,0
0,0,20,8,0.0005256092988949999,-1707.14439031589,3652,3652,G,3.1717865467071498,32.523693084716804,418.461817135699,1.00117254257202,2283750,0,87,0
0,0,20,9,0.0018934673182770003,-4963.358166285229,3652,3652,G,2.2121045589447,38.0145606994629,766.938850654659,1.00049233436584,1726875,0,52,0
0,0,20,10,0.003154549146115,-9327.788238075369,3652,730,P,2.58532238006592,32.2152442932129,685.195433695962,1.00061523914337,3774375,0,133,0
0,0,20,11,0.006545022048364,-6374.79774352256,3652,365,P,2.17101001739502,36.412937164306605,666.63752868626,1.00040888786316,4095000,0,196,0
0,0,21,3,0.025433985499521,-0.44430878020801096,75,250,D,5.618615627288821,74.6558609008789,543.423313767888,1.0027610063552899,6525000,0,102,1
0,0,21,4,0.0018322513392489998,0.717479937649402,100,150,D,4.6215672492981,54.6377983093262,260.449858764319,1.0023684501648,1890000,0,91,0
0,0,21,5,0.288407337095636,-1.45783078050972,50,3652,D,5.19941139221191,64.60537719726561,599.765064630535,1.00203776359558,3448125,0,40,0
0,0,21,6,0.000806566074187,0.571884652056199,640,3652,D,4.79093790054321,44.65625,331.242108384557,1.00192022323608,810000,0,16,0
0,0,21,7,0.012616330048040001,-0.35039904169273195,150,3652,D,5.17456817626953,57.0672187805176,618.8875034449669,1.00215184688568,3054375,0,31,0
0,0,21,8,0.07701559224216299,-0.4835761658067971,75,250,D,5.46549129486084,61.8141746520996,484.265603010746,1.0026937723159801,2182500,0,43,0
0,0,21,10,0.002955567292434,0.5343100205788169,100,250,D,4.1122727394103995,51.133338928222706,558.8435323079341,1.0016089677810698,4522500,0,106,0
0,0,21,11,0.023439835826028,0.14221820602732502,100,150,D,3.79295659065247,62.6111259460449,665.69755725483,1.0013606548309302,4741875,0,182,0
0,0,22,2,2.53038429228304,-1.1033931752744899,15,100,D,0.768743395805359,32.6279144287109,692.2096010992191,1.00013267993927,1833750,0,121,0
0,0,22,4,0.036439713060178,-7.710470183231,150,100,P,1.19844806194305,36.8137359619141,713.3218251457511,1.00016164779663,5242500,0,279,1
0,0,22,5,0.000463396823965,-0.153767285109424,3652,3652,G,3.46922612190247,38.3934555053711,718.5129472929849,1.00354111194611,1546875,0,63,0
0,0,22,6,3.89728337379188,-1.05716001685998,15,100,D,1.98353374004364,44.002445220947294,964.4606808102609,1.00046098232269,3217500,0,134,0
0,0,22,7,0.004507609707539001,0.7488298662556009,75,125,D,2.90863943099976,51.4065742492676,579.5269903090609,1.00072634220123,5473125,0,225,1
0,0,22,8,0.019708347852104,-8.77584269698766,365,125,P,3.7715256214141806,56.8516044616699,565.333204648212,1.00139081478119,5788125,0,105,1
0,0,22,9,0.011383652258283,-1.51905560744129,150,125,P,3.5748522281646697,75.7889633178711,638.9306490522911,1.00120866298676,4995000,0,108,1
0,0,22,10,0.003077037779625,-0.789280449421069,1000,3652,D,4.02293109893799,65.7036819458008,474.059105212991,1.00156319141388,1833750,0,25,0
0,0,22,11,0.026077243908468002,-0.6723084788999739,150,3652,D,3.7193367481231703,76.9928283691406,659.5839538773059,1.0012031793594398,2745000,0,45,0
0,0,22,12,2.4701721151187996,-377.048780924422,150,60,P,4.90846061706543,90.6057357788086,568.609729965615,1.00206685066223,2446875,0,10,0
0,0,22,13,0.44746674336875,-1.58012557539116,30,3652,D,6.845386028289799,119.68611907959,541.4628949892201,1.00446140766144,3853125,0,21,0
0,0,22,14,0.015803279708551003,0.8131192952392701,50,125,D,4.587066650390629,100.38980102539101,983.736155935782,1.0017275810241701,3476250,0,17,0
0,0,25,1,0.00076038677842,-3980.8900519023296,3652,3652,G,3.24386429786682,36.0259132385254,687.617538546435,1.00096786022186,1856250,5,23,0
0,0,25,2,0.0014634325024639998,-3524.4119919080604,3652,3652,G,2.95521306991577,18.6501369476318,615.102125423426,1.00082385540009,1636875,30,75,0
0,0,25,3,0.0075893412246270005,-22706.8097521362,3652,330,P,3.85699462890625,29.422250747680696,788.7527370193429,1.0015994310379,3825000,20,40,0
0,0,25,4,0.010578010590858,-158142324.246893,3652,250,P,4.55057716369629,37.836494445800795,575.993245473765,1.00248908996582,1845000,0,31,0
0,0,25,5,0.018250540081096,-131479.15239795,3652,150,P,3.78778791427612,47.2116279602051,714.584268790374,1.0018844604492199,3870000,0,39,0
0,0,25,6,0.004133714465099,-31254997.2674849,3652,1000,P,2.88679623603821,56.3856544494629,621.0130892841639,1.00127923488617,1541250,0,25,0
0,0,25,7,0.005084957026285,-47537764.133935,3652,365,P,3.47251987457275,48.816654205322294,539.13846361667,1.0012594461441,2655000,0,51,0
0,0,25,8,0.020303721267143998,-124143.895516465,3652,125,P,4.51771593093872,57.661136627197294,578.424535139935,1.00350713729858,2430000,0,38,0
0,0,25,9,0.00665621035551,-79056165.3829182,3652,640,P,3.15927243232727,66.3295440673828,635.752307399432,1.00213205814362,1485000,0,14,0
0,0,25,10,0.014161629783537,-44558.153475993095,3652,150,P,4.52803182601929,61.941123962402294,485.45852145327,1.00346791744232,2503125,0,56,0
0,0,25,11,0.012791072929855,-242742.23392012398,3652,150,P,4.78012561798096,65.39212036132811,578.142845667879,1.00431299209595,1642500,0,20,0
0,0,25,12,0.004089299939755999,-10480.0818651631,3652,1000,P,3.18588757514954,68.9950714111328,530.063226610013,1.00121986865997,2120625,0,52,0
0,0,25,13,0.011288433755848998,-50475.400558030895,3652,330,P,2.9226653575897203,77.0867233276367,576.080396864527,1.00074803829193,1822500,0,38,0
0,0,25,14,0.012618655565231,-129451.439833712,3652,200,P,3.8287768363952597,64.09751129150389,294.704561413885,1.0020059347152699,1130625,0,49,0
0,0,25,15,0.062962170457665,-359963.136127202,3652,125,P,2.13208532333374,82.2734146118164,517.5889020656131,1.00041651725769,6750000,0,475,1
0,0,25,16,0.00758691254521,-19729.9520545825,3652,640,P,3.9161391258239706,73.6231002807617,664.8930491848059,1.00212407112122,2435625,0,21,0
0,0,25,17,0.013004758910386001,-106996.580963596,3652,125,P,2.18307042121887,66.4114456176758,619.137009661698,1.00041544437408,2458125,0,100,0
0,0,25,18,0.021847825306217,-69691.5900922099,3652,125,P,2.3410978317260698,85.5246353149414,417.80418996877097,1.00042855739594,5799375,0,438,1
0,0,25,19,0.073760275287369,-347253.373076886,3652,125,P,1.8364676237106299,71.6136169433594,606.729792693892,1.00030910968781,4089375,0,239,0
0,0,25,20,0.416333366786926,-1614659.12714218,3652,90,P,2.3207323551178,90.9278335571289,543.91524697387,1.00050413608551,7458750,0,377,1
0,0,27,2,1.08310941051416,-43.559705954154,30,21,P,0.9692260026931759,28.838068008422898,684.041815635351,1.0001277923584,2098125,0,135,0
0,0,27,3,0.834506327123538,-19.1942456306519,100,21,P,0.87806910276413,28.8595752716064,742.082418111438,1.00009107589722,1996875,0,177,0
0,0,27,4,0.006112634863776,-0.64585821798708,100,365,D,1.3700590133666999,16.5635166168213,614.5175426243401,1.0002555847168,3487500,93,297,0
0,0,27,5,0.620244802048658,-0.44551363165126795,21,330,D,1.84780704975128,42.884578704834,719.082361112513,1.00038743019104,5726250,0,340,1
0,0,27,6,0.039589347762411006,-4.54839147979758,100,125,D,1.35521984100342,12.641326904296902,558.142409530662,1.00039327144623,5512500,417,413,1
0,0,27,7,0.032463367380886,0.026393825203814,100,3652,D,1.59824395179749,32.8494071960449,799.3878512003481,1.00030052661896,7695000,55,542,1
0,0,27,9,0.005786972054581,-1.8342885503290303,730,330,P,1.3841942548751798,18.867200851440398,774.938157924313,1.0001754760742199,3256875,157,218,0
0,0,27,10,0.02537601242218,-0.074194056964778,100,125,D,2.33439707756042,48.7526168823242,629.815057961755,1.00084567070007,12633750,0,723,1
0,0,27,12,0.013327830669736,0.112168929789748,100,365,D,2.7844896316528303,86.3976364135742,640.148704334089,1.00080287456512,5956875,0,173,1
0,0,27,13,0.376827105556682,-106.728515705795,100,60,P,0.8352855443954471,8.00369071960449,822.2136854909579,1.00017905235291,4983750,633,329,1
0,0,28,3,0.000833400142774,-1412.8829838595002,3652,3652,G,3.1501276493072496,29.452211380004897,602.990388685769,1.00092494487762,3813750,116,155,0
0,0,28,4,0.002125433481725,-2917.8182231875203,3652,2250,P,1.61803638935089,13.8062915802002,681.5372326144429,1.00038349628448,2092500,177,148,0
0,0,28,7,0.008681413135793,-28701.974128125497,3652,182,P,2.21212363243103,30.736036300659197,796.1610588764099,1.00044631958008,4938750,120,218,1
0,0,29,2,0.003775744591871,0.09250714764722301,182,100,P,1.30286931991577,8.89011001586914,684.838705254724,1.00017833709717,4083750,427,295,0
0,0,29,4,0.007436115661769001,-0.23875205174831302,200,2250,D,1.68258213996887,24.499292373657198,470.33201188601,1.0003302097320599,3414375,83,252,0
0,0,29,5,0.000267138472757,0.435403941579143,3652,3652,G,2.15572810173035,10.2954912185669,686.324344772982,1.00049531459808,3318750,229,132,0
0,0,29,6,0.0303739939138,-14.349929768055599,200,60,P,1.9333484172821,12.057240486145,853.364624840312,1.00037682056427,2874375,235,161,0
0,0,29,7,0.904628956864279,-209.779041937417,90,30,P,0.7267532348632809,4.92392158508301,779.3346651340551,1.00009024143219,4016250,565,234,0
0,0,29,8,0.146370620495521,-145.92605858687298,3652,50,P,0.20596346259117101,2.34148526191711,403.234832169226,1.0000174045562702,1136250,202,133,0
0,0,29,9,0.18811199696401898,-9.026347585830901,45,30,P,0.46612894535064703,3.33260774612427,628.281401784879,1.00005626678467,4702500,820,446,0
0,0,29,10,0.10298082842709,-21.0882282945095,60,50,P,0.206171378493309,2.3830575942993195,301.480970896496,1.0000239610672,1563750,278,222,0
0,0,29,13,0.0021115357143620004,0.55369426205886,75,50,P,1.31000185012817,5.8498706817627,523.887485626954,1.0005413293838499,3493125,488,311,0
0,0,33,2,0.008221315736370999,-0.346979272119641,330,3652,D,6.69443559646606,67.1383438110352,709.139516458692,1.0057178735733001,3256875,0,16,0
0,0,33,4,0.012875618872922,-0.41795047256628903,330,730,D,4.96639728546143,68.5623321533203,717.451937904478,1.0019854307174698,3330000,0,13,0
0,0,33,5,0.018563220817481,-5.9546250205307105,330,200,P,4.778221130371089,78.7174987792969,674.955701856691,1.00224244594574,3020625,0,26,0
0,0,33,6,0.013399262580966999,-8.12431630122923,330,150,P,5.05927991867065,79.4788284301758,582.548319031663,1.00196623802185,4224375,0,28,0
0,0,33,7,0.020535384252653,-74.786028042449,3652,150,P,4.862651348114009,84.234375,526.098333947334,1.0023473501205402,3436875,0,35,0
0,0,33,8,0.0039760173501,-0.108340989441128,330,3652,D,4.60343551635742,112.25328826904301,541.7298659603849,1.00212299823761,6682500,0,76,1
0,0,33,9,0.006554553523941,-0.7239397725971569,330,1500,D,4.76127815246582,115.677703857422,724.5849432758611,1.00211012363434,8448750,0,44,1
0,0,34,1,0.0064768134879890004,-37386.5218399527,3652,150,P,5.61116981506348,81.6300506591797,341.44024063365896,1.00452876091003,4061250,0,67,0
0,0,34,2,0.00117374052388,-4989.2110332150205,3652,3652,G,4.05788612365723,82.5909957885742,695.8639741719741,1.0021396875381499,2250000,0,29,0
0,0,34,3,0.027420754950983,-144651.131583005,3652,100,P,4.5147385597229,89.1157073974609,720.211764490604,1.0031024217605602,4905000,0,57,1
0,0,34,4,0.0016272904741720003,-24548038.8534845,3652,3652,G,4.54309606552124,100.109443664551,627.525996019559,1.00261831283569,2441250,0,10,0
0,0,34,5,0.035257628007775,-218014.273517502,3652,75,P,5.931350231170651,111.426078796387,685.489134387133,1.00413453578949,5996250,0,12,1
0,0,34,6,0.129961769491032,-833280.8614029259,3652,150,P,4.4252629280090305,118.535438537598,606.3745168735679,1.00200915336609,3127500,0,28,0
0,0,34,7,0.00045357367498599996,-1570.99770528578,3652,330,P,5.07901906967163,134.578125,682.649065093664,1.00224232673645,4398750,0,35,0
0,0,34,8,0.001178317905745,-3329.2158879515196,3652,3652,G,7.0240912437439,124.978988647461,681.338596783933,1.00530827045441,3802500,0,10,0
0,0,34,9,0.01985777967824,-243338.972646326,3652,125,P,4.07336187362671,120.273239135742,571.176578992037,1.00143623352051,4623750,0,43,0
0,0,34,10,0.026650251971319996,-154972.971209565,3652,300,P,5.36742496490479,132.32356262207,478.801194102888,1.00238692760468,3223125,0,30,0
0,0,34,11,0.004826223460420999,-31287.834770599904,3652,1000,P,3.7766375541687,110.88436126709,420.60157869449205,1.00110983848572,2193750,0,37,0
0,0,34,12,0.010848506102918003,-79964240.59588431,3652,300,P,3.5424211025237997,136.271011352539,651.908845759679,1.0009958744049101,7042500,0,116,1
0,0,34,13,0.09363330602069,-331692.516435506,3652,150,P,3.56836771965027,133.533950805664,574.70754786757,1.00096309185028,4241250,0,74,0
0,0,34,14,0.014406470218326,-25120.087686036,3652,330,P,5.2302303314209,154.953994750977,749.538658325533,1.00227844715118,3363750,0,29,0
0,0,35,2,0.024957303211892996,-137836.387382898,3652,125,P,4.0163869857788095,67.2116851806641,535.958990707417,1.00127065181732,3706875,0,81,0
0,0,35,4,0.000776376014384,-22278.6687793222,3652,3652,G,4.286296367645259,62.4753532409668,778.938593104925,1.00157797336578,2396250,0,35,0
0,0,35,5,0.0070992861953590005,-67200.6176769188,3652,330,P,5.118492126464839,55.5999984741211,535.136391652323,1.0022150278091402,3864375,0,54,0
0,0,35,6,0.00066779534844,-2787.55931360598,3652,3652,G,3.48396944999695,30.139289855957,242.83795209471901,1.0011293888091999,1575000,0,88,0
0,0,35,7,0.004522880663054,-10640.5065456592,3652,1000,P,3.1481170654296897,34.4549217224121,533.230704357682,1.00090372562408,3943125,0,193,0
0,0,35,8,0.000180941138512,-430.79344925056506,3652,3652,G,2.6825258731842,30.349229812622102,831.465742067271,1.0006610155105602,1462500,0,25,0
0,0,35,9,0.050463845548787,-162662.56200330402,3652,90,P,2.9782133102417006,31.7158126831055,1009.29822442476,1.00080227851868,1316250,0,38,0
0,0,35,11,0.00045404902963300004,-2480.90901755069,3652,3652,G,3.2631006240844704,35.6014823913574,543.911759392797,1.0008716583252,1895625,0,70,0
0,0,35,12,0.072948815871233,-251263.77014712698,3652,125,P,6.02092504501343,66.22982788085939,721.5890574106239,1.00279235839844,3206250,0,15,0
0,0,35,13,0.024704112425134997,-112152.867733424,3652,125,P,4.50430011749268,43.4504547119141,541.828258250232,1.00195753574371,4938750,0,129,1
0,0,37,2,0.033971454324941,-327828132.66418904,3652,150,P,3.50271368026733,111.66413879394501,562.1463405847239,1.0011284351348901,4674375,0,92,0
0,0,37,3,0.308257844254896,-977547.257456814,3652,30,P,5.20619821548462,102.336456298828,479.812172607868,1.00250244140625,4798125,0,37,1
0,0,37,4,0.001481237634595,-9120.64994360896,3652,3652,G,4.6274676322937,104.724395751953,655.942921666706,1.0021586418151898,2098125,0,7,0
0,0,37,5,0.010822994100279,-94015.40262918461,3652,125,P,6.231806755065921,84.6280059814453,423.078516101941,1.00429332256317,4117500,0,24,0
0,0,37,6,0.039862542071303006,-293412.70402963896,3652,125,P,7.82267093658447,54.2229347229004,145.603330083899,1.0060174465179401,613125,0,7,0
0,0,37,7,0.385664888057945,-1793251.50301957,3652,30,P,5.603234767913821,95.5062026977539,505.713888442397,1.00349736213684,7976250,0,71,1
0,0,37,8,0.008026717135176999,-64234018.7054425,3652,150,P,5.11476945877075,89.37286376953129,780.774633292829,1.0024653673172,1181250,0,4,0
0,0,37,9,0.211429401833667,-1531771.71427701,3652,50,P,7.99075078964233,95.7330474853516,667.977190493564,1.0062495470047,4016250,0,14,0
0,0,37,12,0.038853860777143,-204693.44227174,3652,125,P,7.8656530380249,49.9314308166504,139.37492262930598,1.0055744647979699,196875,0,2,0
0,0,38,2,0.021409715006945,-90297.04178076288,3652,150,P,10.4242429733276,186.145324707031,479.22086419551204,1.01065957546234,5709375,0,39,1
0,0,38,3,0.08001930248210799,-561138.938738806,3652,150,P,8.25208187103272,241.065704345703,534.449348719106,1.00637483596802,8330625,0,25,1
0,0,38,5,0.003178110599012,-11568.5034153889,3652,3652,G,5.880484104156491,198.908416748047,653.178292162341,1.00343871116638,4213125,0,79,0
0,0,38,6,0.0013077636970980002,-2394.80253172715,3652,3652,G,5.28587961196899,211.40745544433602,757.109391105869,1.00269019603729,5062500,0,146,1
0,0,38,7,0.006107631173353001,-33165.3166064691,3652,640,P,3.64718055725098,187.446929931641,495.686269345937,1.00109839439392,3678750,0,113,0
0,0,38,8,0.001518995935433,-1468.1710886289002,3652,3652,G,3.62568807601929,198.074172973633,579.591080433936,1.00116240978241,4573125,0,138,0
0,0,38,9,0.020507016410951998,-230182992.368319,3652,200,P,11.620836257934599,166.33499145507798,276.975919754679,1.01896989345551,337500,0,6,0
0,0,39,3,0.000197475490714,-1252.04915395123,3652,3652,G,8.04499816894531,194.032333374023,663.5244765615209,1.00515699386597,3566250,0,15,0
0,0,39,4,0.000141733450588,-502.407924174326,3652,3652,G,8.75830936431885,162.546722412109,690.708946833643,1.0060504674911501,2925000,0,27,0
0,0,39,5,0.004238685726297,-18395.8252955867,3652,1000,P,7.3711576461792,150.872406005859,470.06231421861503,1.00490963459015,8943750,0,127,1
0,0,39,7,0.0003369207879,-1833014.32559503,3652,3652,G,4.72072553634644,195.869247436523,672.92085929964,1.00144529342651,1299375,0,5,0
0,0,39,8,0.06017350573227901,-287807.834849309,3652,75,P,6.16233682632446,121.253715515137,589.868106889299,1.00331878662109,9225000,0,61,1
0,0,39,9,0.034763394456246,-79560.2254300731,3652,200,P,5.605822563171389,217.943283081055,640.8199768268071,1.0019736289978,5394375,0,26,1
